{
"lengthUnit": "mil",
"components": {
	"fields": ["COMPONENT_NO", "COMPONENT_NAME", "LAYER", "X_COORDINATE", "Y_COORDINATE", "ANGLE"],
	"rows": [
		[1, "C1", "T", 2634.93, -1155, 180],
		[2, "C2", "T", 2380, -1320, 90],
		[3, "C3", "T", 935, -1627.77, 270],
		[4, "C4", "T", 540, -1090, 180],
		[5, "C5", "T", 1305, -1095, 180],
		[6, "CN1", "T", 1715, -1795, 0],
		[7, "H1", "T", 59.05, -984.25, 270],
		[8, "H2", "T", 3137.79, -984.25, 270],
		[9, "KEY1", "T", 1790, -210, 90],
		[10, "KEY2", "T", 1565, -210, 90],
		[11, "L1", "T", 2415, -590, 0],
		[12, "L2", "T", 505, -1490, 90],
		[13, "R1", "T", 2870, -1345, 90],
		[14, "R2", "T", 2285, -1615, 270],
		[15, "R3", "T", 2165, -1615, 270],
		[16, "R4", "T", 2030, -1790, 270],
		[17, "R5", "T", 1100, -1435, 90],
		[18, "R6", "T", 1100, -1635, 90],
		[19, "R7", "T", 758.62, -700, 0],
		[20, "R8", "T", 1230, -1635.74, 90],
		[21, "R9", "T", 1180, -656.69, 180],
		[22, "R10", "T", 1180, -792.99, 180],
		[23, "R11", "T", 1790, -520, 180],
		[24, "R12", "T", 2885, -350, 270],
		[25, "R13", "T", 2885, -525, 270],
		[26, "R14", "T", 2145, -1015, 0],
		[27, "R15", "T", 215, -635, 0],
		[28, "R16", "T", 2315, -1015, 0],
		[29, "R17", "T", 1580, -515, 0],
		[30, "R18", "T", 230, -995, 90],
		[31, "R20", "T", 2990, -940, 0],
		[32, "R21", "T", 2990, -1045, 0],
		[33, "SW1", "T", 640, -85, 180],
		[34, "SW2", "T", 640, -1880, 0],
		[35, "U1", "T", 2285, -1795, 270],
		[36, "U2", "T", 2630, -1355, 90],
		[37, "U3", "T", 2165, -1795, 270],
		[38, "U4", "T", 730, -1610, 90],
		[39, "U6", "T", 815, -1408.4, 180],
		[40, "U7", "T", 1420, -1545, 270],
		[41, "U8", "T", 915, -1085, 0],
		[42, "U9", "T", 755, -800, 0],
		[43, "U10", "T", 1235, -1443.62, 90],
		[44, "U11", "T", 1855, -1370, 0],
		[45, "U12", "T", 1415, -655, 180],
		[46, "U13", "T", 1410, -791.3, 180],
		[47, "U14", "T", 1775, -850, 90],
		[48, "U15", "T", 3010, -1345, 270],
		[49, "USB1", "T", 2615, -1770, 0]
	]
},
"pins": {
	"fields": ["PIN_NO", "PIN_NAME", "PIN_X", "PIN_Y", "LAYER", "PIN_TYPE", "NET_NAME", "NET_TYPE", "PAD_SHAPE", "PAD_SIZEX", "PAD_SIZEY", "HOLE_SIZE", "PAD_ANGLE"],
	"rows": [
		[1, "C1_1", 2674.3, -1155, "T", "SMD", "GND", "GND", "R", 55.51, 53.15, 0, 180],
		[2, "C1_2", 2595.56, -1155, "T", "SMD", "BAT+", "", "R", 55.51, 53.15, 0, 180],
		[3, "C2_1", 2380, -1359.37, "T", "SMD", "U2_4", "", "R", 55.51, 53.15, 0, 90],
		[4, "C2_2", 2380, -1280.63, "T", "SMD", "GND", "GND", "R", 55.51, 53.15, 0, 90],
		[5, "C3_1", 935, -1588.4, "T", "SMD", "U4_4", "", "R", 55.51, 53.15, 0, 270],
		[6, "C3_2", 935, -1667.14, "T", "SMD", "GND", "GND", "R", 55.51, 53.15, 0, 270],
		[7, "C4_1", 645.12, -1090, "T", "SMD", "+5V-OUT", "", "R", 137.79, 47.24, 0, 180],
		[8, "C4_2", 434.88, -1090, "T", "SMD", "GND", "GND", "R", 137.79, 47.24, 0, 180],
		[9, "C5_1", 1410.12, -1095, "T", "SMD", "+3.3V", "", "R", 137.79, 47.24, 0, 180],
		[10, "C5_2", 1199.88, -1095, "T", "SMD", "GND", "GND", "R", 137.79, 47.24, 0, 180],
		[11, "CN1_1", 1690.4, -1737.91, "T", "SMD", "BAT-", "", "R", 31.5, 70.87, 0, 0],
		[12, "CN1_2", 1739.61, -1737.91, "T", "SMD", "BAT+", "", "R", 31.5, 70.87, 0, 0],
		[13, "CN1_3", 1589.81, -1852.08, "T", "SMD", "CN1_3", "", "R", 82.68, 118.11, 0, 0],
		[14, "CN1_4", 1840.2, -1852.08, "T", "SMD", "CN1_4", "", "R", 82.68, 118.11, 0, 0],
		[15, "H1_1", 59.06, -334.25, "T", "DIP", "VCC", "", "R", 66.93, 62, 43.31, 270],
		[16, "H1_1", 59.06, -334.25, "B", "DIP", "VCC", "", "R", 66.93, 62, 43.31, 270],
		[17, "H1_2", 59.06, -434.25, "T", "DIP", "GND", "GND", "C", 66.93, 66.93, 43.31, 270],
		[18, "H1_2", 59.06, -434.25, "B", "DIP", "GND", "GND", "C", 66.93, 66.93, 43.31, 270],
		[19, "H1_3", 59.06, -534.25, "T", "DIP", "CS", "", "C", 66.93, 66.93, 43.31, 270],
		[20, "H1_3", 59.06, -534.25, "B", "DIP", "CS", "", "C", 66.93, 66.93, 43.31, 270],
		[21, "H1_4", 59.06, -634.25, "T", "DIP", "RESET", "", "C", 66.93, 66.93, 43.31, 270],
		[22, "H1_4", 59.06, -634.25, "B", "DIP", "RESET", "", "C", 66.93, 66.93, 43.31, 270],
		[23, "H1_5", 59.06, -734.25, "T", "DIP", "DC", "", "C", 66.93, 66.93, 43.31, 270],
		[24, "H1_5", 59.06, -734.25, "B", "DIP", "DC", "", "C", 66.93, 66.93, 43.31, 270],
		[25, "H1_6", 59.06, -834.25, "T", "DIP", "MOSI", "", "C", 66.93, 66.93, 43.31, 270],
		[26, "H1_6", 59.06, -834.25, "B", "DIP", "MOSI", "", "C", 66.93, 66.93, 43.31, 270],
		[27, "H1_7", 59.06, -934.25, "T", "DIP", "SCK", "", "C", 66.93, 66.93, 43.31, 270],
		[28, "H1_7", 59.06, -934.25, "B", "DIP", "SCK", "", "C", 66.93, 66.93, 43.31, 270],
		[29, "H1_8", 59.06, -1034.25, "T", "DIP", "LED", "", "C", 66.93, 66.93, 43.31, 270],
		[30, "H1_8", 59.06, -1034.25, "B", "DIP", "LED", "", "C", 66.93, 66.93, 43.31, 270],
		[31, "H1_9", 59.06, -1134.25, "T", "DIP", "H1_9", "", "C", 66.93, 66.93, 43.31, 270],
		[32, "H1_9", 59.06, -1134.25, "B", "DIP", "H1_9", "", "C", 66.93, 66.93, 43.31, 270],
		[33, "H1_10", 59.06, -1234.25, "T", "DIP", "T_CLK", "", "C", 66.93, 66.93, 43.31, 270],
		[34, "H1_10", 59.06, -1234.25, "B", "DIP", "T_CLK", "", "C", 66.93, 66.93, 43.31, 270],
		[35, "H1_11", 59.06, -1334.25, "T", "DIP", "T_CS", "", "C", 66.93, 66.93, 43.31, 270],
		[36, "H1_11", 59.06, -1334.25, "B", "DIP", "T_CS", "", "C", 66.93, 66.93, 43.31, 270],
		[37, "H1_12", 59.06, -1434.25, "T", "DIP", "T_DIN", "", "C", 66.93, 66.93, 43.31, 270],
		[38, "H1_12", 59.06, -1434.25, "B", "DIP", "T_DIN", "", "C", 66.93, 66.93, 43.31, 270],
		[39, "H1_13", 59.06, -1534.25, "T", "DIP", "T_DO", "", "C", 66.93, 66.93, 43.31, 270],
		[40, "H1_13", 59.06, -1534.25, "B", "DIP", "T_DO", "", "C", 66.93, 66.93, 43.31, 270],
		[41, "H1_14", 59.06, -1634.25, "T", "DIP", "H1_14", "", "C", 66.93, 66.93, 43.31, 270],
		[42, "H1_14", 59.06, -1634.25, "B", "DIP", "H1_14", "", "C", 66.93, 66.93, 43.31, 270],
		[43, "H2_1", 3137.79, -834.25, "T", "DIP", "MISO", "", "R", 66.93, 66.93, 43.31, 270],
		[44, "H2_1", 3137.79, -834.25, "B", "DIP", "MISO", "", "R", 66.93, 66.93, 43.31, 270],
		[45, "H2_2", 3137.79, -934.25, "T", "DIP", "H2_2", "", "C", 66.93, 66.93, 43.31, 270],
		[46, "H2_2", 3137.79, -934.25, "B", "DIP", "H2_2", "", "C", 66.93, 66.93, 43.31, 270],
		[47, "H2_3", 3137.79, -1034.25, "T", "DIP", "H2_3", "", "C", 66.93, 66.93, 43.31, 270],
		[48, "H2_3", 3137.79, -1034.25, "B", "DIP", "H2_3", "", "C", 66.93, 66.93, 43.31, 270],
		[49, "H2_4", 3137.79, -1134.25, "T", "DIP", "T_CLK", "", "C", 66.93, 66.93, 43.31, 270],
		[50, "H2_4", 3137.79, -1134.25, "B", "DIP", "T_CLK", "", "C", 66.93, 66.93, 43.31, 270],
		[51, "KEY1_1", 1790, -362.56, "T", "SMD", "CHIP_EN", "", "R", 39.37, 68.9, 0, 0],
		[52, "KEY1_2", 1790, -57.44, "T", "SMD", "GND", "GND", "R", 39.37, 68.9, 0, 0],
		[53, "KEY2_1", 1565, -362.56, "T", "SMD", "KEY2_1", "", "R", 39.37, 68.9, 0, 0],
		[54, "KEY2_2", 1565, -57.44, "T", "SMD", "GND", "GND", "R", 39.37, 68.9, 0, 0],
		[55, "L1_1", 2100.04, -314.41, "T", "SMD", "MISO", "", "R", 47.24, 78.74, 0, 90],
		[56, "L1_2", 2100.04, -393.15, "T", "SMD", "T_CLK", "", "R", 47.24, 78.74, 0, 90],
		[57, "L1_3", 2100.04, -471.89, "T", "SMD", "CHIP_EN", "", "R", 47.24, 78.74, 0, 90],
		[58, "L1_4", 2100.04, -550.63, "T", "SMD", "CS", "", "R", 47.24, 78.74, 0, 90],
		[59, "L1_5", 2100.04, -629.37, "T", "SMD", "RX_L", "", "R", 47.24, 78.74, 0, 90],
		[60, "L1_6", 2100.04, -708.11, "T", "SMD", "T_CS", "", "R", 47.24, 78.74, 0, 90],
		[61, "L1_7", 2100.04, -786.85, "T", "SMD", "DC", "", "R", 47.24, 78.74, 0, 90],
		[62, "L1_8", 2100.04, -865.59, "T", "SMD", "+3.3V", "", "R", 47.24, 78.74, 0, 90],
		[63, "L1_9", 2729.96, -865.59, "T", "SMD", "GND", "GND", "R", 47.24, 78.74, 0, 270],
		[64, "L1_10", 2729.96, -786.85, "T", "SMD", "T_DIN", "", "R", 47.24, 78.74, 0, 270],
		[65, "L1_11", 2729.96, -708.11, "T", "SMD", "TX_L", "", "R", 47.24, 78.74, 0, 270],
		[66, "L1_12", 2729.96, -629.37, "T", "SMD", "SCK", "", "R", 47.24, 78.74, 0, 270],
		[67, "L1_13", 2729.96, -550.63, "T", "SMD", "T_DO", "", "R", 47.24, 78.74, 0, 270],
		[68, "L1_14", 2729.96, -471.89, "T", "SMD", "MOSI", "", "R", 47.24, 78.74, 0, 270],
		[69, "L1_15", 2729.96, -393.15, "T", "SMD", "RX", "", "R", 47.24, 78.74, 0, 270],
		[70, "L1_16", 2729.96, -314.41, "T", "SMD", "TX", "", "R", 47.24, 78.74, 0, 270],
		[71, "L1_17", 2361.85, -540.79, "T", "SMD", "L1_17", "", "R", 188.98, 188.98, 0, 270],
		[72, "L2_1", 505, -1598.27, "T", "SMD", "U4_4", "", "R", 59.05, 86.61, 0, 90],
		[73, "L2_2", 505, -1381.73, "T", "SMD", "U4_1", "", "R", 59.05, 86.61, 0, 90],
		[74, "R1_1", 2870, -1384.37, "T", "SMD", "GND", "GND", "R", 44.59, 54.21, 0, 90],
		[75, "R1_2", 2870, -1305.63, "T", "SMD", "U2_2", "", "R", 44.59, 54.21, 0, 90],
		[76, "R2_1", 2285, -1575.63, "T", "SMD", "U2_7", "", "R", 44.59, 54.21, 0, 270],
		[77, "R2_2", 2285, -1654.37, "T", "SMD", "R2_2", "", "R", 44.59, 54.21, 0, 270],
		[78, "R3_1", 2165, -1575.63, "T", "SMD", "U2_6", "", "R", 44.59, 54.21, 0, 270],
		[79, "R3_2", 2165, -1654.37, "T", "SMD", "R3_2", "", "R", 44.59, 54.21, 0, 270],
		[80, "R4_1", 2030, -1750.63, "T", "SMD", "GND", "GND", "R", 44.59, 54.21, 0, 270],
		[81, "R4_2", 2030, -1829.37, "T", "SMD", "BAT-", "", "R", 44.59, 54.21, 0, 270],
		[82, "R5_1", 1100, -1474.37, "T", "SMD", "U4_3", "", "R", 44.59, 54.21, 0, 90],
		[83, "R5_2", 1100, -1395.63, "T", "SMD", "+5V-OUT", "", "R", 44.59, 54.21, 0, 90],
		[84, "R6_1", 1100, -1674.37, "T", "SMD", "GND", "GND", "R", 44.59, 54.21, 0, 90],
		[85, "R6_2", 1100, -1595.63, "T", "SMD", "U4_3", "", "R", 44.59, 54.21, 0, 90],
		[86, "R7_1", 719.25, -700, "T", "SMD", "R7_1", "", "R", 44.59, 54.21, 0, 0],
		[87, "R7_2", 797.99, -700, "T", "SMD", "GND", "GND", "R", 44.59, 54.21, 0, 0],
		[88, "R8_1", 1230, -1675.11, "T", "SMD", "GND", "GND", "R", 44.59, 54.21, 0, 90],
		[89, "R8_2", 1230, -1596.37, "T", "SMD", "R8_2", "", "R", 44.59, 54.21, 0, 90],
		[90, "R9_1", 1219.37, -656.69, "T", "SMD", "U12_2", "", "R", 44.59, 54.21, 0, 180],
		[91, "R9_2", 1140.63, -656.69, "T", "SMD", "+3.3V", "", "R", 44.59, 54.21, 0, 180],
		[92, "R10_1", 1219.37, -792.99, "T", "SMD", "U13_2", "", "R", 44.59, 54.21, 0, 180],
		[93, "R10_2", 1140.63, -792.99, "T", "SMD", "+3.3V", "", "R", 44.59, 54.21, 0, 180],
		[94, "R11_1", 1829.37, -520, "T", "SMD", "RX_L", "", "R", 44.59, 54.21, 0, 180],
		[95, "R11_2", 1750.63, -520, "T", "SMD", "+3.3V", "", "R", 44.59, 54.21, 0, 180],
		[96, "R12_1", 2885, -310.63, "T", "SMD", "TX", "", "R", 44.59, 54.21, 0, 270],
		[97, "R12_2", 2885, -389.37, "T", "SMD", "+3.3V", "", "R", 44.59, 54.21, 0, 270],
		[98, "R13_1", 2885, -485.63, "T", "SMD", "RX", "", "R", 44.59, 54.21, 0, 270],
		[99, "R13_2", 2885, -564.37, "T", "SMD", "+3.3V", "", "R", 44.59, 54.21, 0, 270],
		[100, "R14_1", 2105.63, -1015, "T", "SMD", "TX_L", "", "R", 44.59, 54.21, 0, 0],
		[101, "R14_2", 2184.37, -1015, "T", "SMD", "+3.3V", "", "R", 44.59, 54.21, 0, 0],
		[102, "R15_1", 175.63, -635, "T", "SMD", "RESET", "", "R", 44.59, 54.21, 0, 0],
		[103, "R15_2", 254.37, -635, "T", "SMD", "+3.3V", "", "R", 44.59, 54.21, 0, 0],
		[104, "R16_1", 2275.63, -1015, "T", "SMD", "CHIP_EN", "", "R", 44.59, 54.21, 0, 0],
		[105, "R16_2", 2354.37, -1015, "T", "SMD", "+3.3V", "", "R", 44.59, 54.21, 0, 0],
		[106, "R17_1", 1540.63, -515, "T", "SMD", "KEY2_1", "", "R", 44.59, 54.21, 0, 0],
		[107, "R17_2", 1619.37, -515, "T", "SMD", "TX_L", "", "R", 44.59, 54.21, 0, 0],
		[108, "R18_1", 230, -1034.37, "T", "SMD", "LED", "", "R", 44.59, 54.21, 0, 90],
		[109, "R18_2", 230, -955.63, "T", "SMD", "+3.3V", "", "R", 44.59, 54.21, 0, 90],
		[110, "R20_1", 2950.63, -940, "T", "SMD", "T_DIN", "", "R", 44.59, 54.21, 0, 0],
		[111, "R20_2", 3029.37, -940, "T", "SMD", "H2_2", "", "R", 44.59, 54.21, 0, 0],
		[112, "R21_1", 2950.63, -1045, "T", "SMD", "T_DO", "", "R", 44.59, 54.21, 0, 0],
		[113, "R21_2", 3029.37, -1045, "T", "SMD", "H2_3", "", "R", 44.59, 54.21, 0, 0],
		[114, "SW1_1", 728.59, -143.69, "T", "SMD", "+3.3V", "", "R", 35.43, 78.74, 0, 180],
		[115, "SW1_2", 610.48, -143.69, "T", "SMD", "VCC", "", "R", 35.43, 78.74, 0, 180],
		[116, "SW1_3", 551.43, -143.69, "T", "SMD", "+5V-OUT", "", "R", 35.43, 78.74, 0, 180],
		[117, "SW1_4", 490.4, -115.68, "T", "SMD", "SW1_4", "", "R", 43.31, 36.61, 0, 180],
		[118, "SW1_5", 490.4, -26.31, "T", "SMD", "SW1_5", "", "R", 43.31, 36.61, 0, 180],
		[119, "SW1_6", 789.61, -26.31, "T", "SMD", "SW1_6", "", "R", 43.31, 36.61, 0, 180],
		[120, "SW1_7", 789.61, -115.68, "T", "SMD", "SW1_7", "", "R", 43.31, 36.61, 0, 0],
		[121, "SW2_1", 551.41, -1821.31, "T", "SMD", "U4_4", "", "R", 35.43, 78.74, 0, 0],
		[122, "SW2_2", 669.52, -1821.31, "T", "SMD", "BAT+", "", "R", 35.43, 78.74, 0, 0],
		[123, "SW2_3", 728.57, -1821.31, "T", "SMD", "SW2_3", "", "R", 35.43, 78.74, 0, 0],
		[124, "SW2_4", 789.6, -1849.32, "T", "SMD", "SW2_4", "", "R", 43.31, 36.61, 0, 0],
		[125, "SW2_5", 789.6, -1938.69, "T", "SMD", "SW2_5", "", "R", 43.31, 36.61, 0, 0],
		[126, "SW2_6", 490.39, -1938.69, "T", "SMD", "SW2_6", "", "R", 43.31, 36.61, 0, 0],
		[127, "SW2_7", 490.39, -1849.32, "T", "SMD", "SW2_7", "", "R", 43.31, 36.61, 0, 180],
		[128, "U1_1", 2285, -1751.69, "T", "SMD", "R2_2", "", "R", 39.37, 49.21, 0, 90],
		[129, "U1_2", 2285, -1838.31, "T", "SMD", "U2_4", "", "R", 39.37, 49.21, 0, 90],
		[130, "U2_1", 2735.61, -1430, "T", "SMD", "GND", "GND", "O", 24.8, 73.42, 0, 90],
		[131, "U2_2", 2735.61, -1380, "T", "SMD", "U2_2", "", "O", 24.8, 73.42, 0, 90],
		[132, "U2_3", 2735.61, -1330, "T", "SMD", "GND", "GND", "O", 24.8, 73.42, 0, 90],
		[133, "U2_4", 2735.61, -1280, "T", "SMD", "U2_4", "", "O", 24.8, 73.42, 0, 90],
		[134, "U2_5", 2524.39, -1280, "T", "SMD", "BAT+", "", "O", 24.8, 73.42, 0, 90],
		[135, "U2_6", 2524.39, -1330, "T", "SMD", "U2_6", "", "O", 24.8, 73.42, 0, 90],
		[136, "U2_7", 2524.39, -1380, "T", "SMD", "U2_7", "", "O", 24.8, 73.42, 0, 90],
		[137, "U2_8", 2524.39, -1430, "T", "SMD", "U2_4", "", "O", 24.8, 73.42, 0, 90],
		[138, "U2_9", 2630, -1355, "T", "SMD", "U2_9", "", "R", 125.98, 90.55, 0, 90],
		[139, "U3_1", 2165, -1751.69, "T", "SMD", "R3_2", "", "R", 39.37, 49.21, 0, 90],
		[140, "U3_2", 2165, -1838.31, "T", "SMD", "U2_4", "", "R", 39.37, 49.21, 0, 90],
		[141, "U4_1", 775.24, -1647.4, "T", "SMD", "U4_1", "", "R", 20.95, 42.2, 0, 90],
		[142, "U4_2", 775.24, -1610, "T", "SMD", "GND", "GND", "R", 20.95, 42.2, 0, 90],
		[143, "U4_3", 775.24, -1572.6, "T", "SMD", "U4_3", "", "R", 20.95, 42.2, 0, 90],
		[144, "U4_4", 684.76, -1572.6, "T", "SMD", "U4_4", "", "R", 20.95, 42.2, 0, 90],
		[145, "U4_5", 684.76, -1610, "T", "SMD", "U4_4", "", "R", 20.95, 42.2, 0, 90],
		[146, "U4_6", 684.76, -1647.4, "T", "SMD", "U4_6", "", "R", 20.95, 42.2, 0, 90],
		[147, "U6_1", 890.95, -1408.4, "T", "SMD", "+5V-OUT", "", "R", 81.5, 81.1, 0, 0],
		[148, "U6_2", 739.06, -1408.4, "T", "SMD", "U4_1", "", "R", 81.5, 81.1, 0, 0],
		[149, "U7_1", 1420, -1474.19, "T", "SMD", "+5V-OUT", "", "R", 74.8, 93.54, 0, 270],
		[150, "U7_2", 1420, -1615.81, "T", "SMD", "GND", "GND", "R", 74.8, 93.54, 0, 270],
		[151, "U8_1", 824, -1202, "T", "SMD", "GND", "GND", "R", 43, 85, 0, 0],
		[152, "U8_2", 915, -1202, "T", "SMD", "+3.3V", "", "R", 43, 85, 0, 0],
		[153, "U8_3", 1006, -1202, "T", "SMD", "+5V-OUT", "", "R", 43, 85, 0, 0],
		[154, "U8_4", 915, -958, "T", "SMD", "U8_4", "", "R", 138, 85, 0, 0],
		[155, "U9_1", 711.69, -800, "T", "SMD", "R7_1", "", "R", 39.37, 49.21, 0, 180],
		[156, "U9_2", 798.31, -800, "T", "SMD", "+3.3V", "", "R", 39.37, 49.21, 0, 180],
		[157, "U10_1", 1235, -1486.93, "T", "SMD", "R8_2", "", "R", 39.37, 49.21, 0, 270],
		[158, "U10_2", 1235, -1400.31, "T", "SMD", "+5V-OUT", "", "R", 39.37, 49.21, 0, 270],
		[159, "U11_1", 1680, -1477.7, "T", "SMD", "GND", "GND", "O", 23.7, 77.6, 0, 0],
		[160, "U11_2", 1730, -1477.7, "T", "SMD", "TXD", "", "O", 23.7, 77.6, 0, 0],
		[161, "U11_3", 1780, -1477.7, "T", "SMD", "RXD", "", "O", 23.7, 77.6, 0, 0],
		[162, "U11_4", 1830, -1477.7, "T", "SMD", "+3.3V", "", "O", 23.7, 77.6, 0, 0],
		[163, "U11_5", 1880, -1477.7, "T", "SMD", "D+", "", "O", 23.7, 77.6, 0, 0],
		[164, "U11_6", 1930, -1477.7, "T", "SMD", "D-", "", "O", 23.7, 77.6, 0, 0],
		[165, "U11_7", 1980, -1477.7, "T", "SMD", "U11_7", "", "O", 23.7, 77.6, 0, 0],
		[166, "U11_8", 2030, -1477.7, "T", "SMD", "U11_8", "", "O", 23.7, 77.6, 0, 0],
		[167, "U11_9", 2030, -1262.3, "T", "SMD", "U11_9", "", "O", 23.7, 77.6, 0, 0],
		[168, "U11_10", 1980, -1262.3, "T", "SMD", "U11_10", "", "O", 23.7, 77.6, 0, 0],
		[169, "U11_11", 1930, -1262.3, "T", "SMD", "U11_11", "", "O", 23.7, 77.6, 0, 0],
		[170, "U11_12", 1880, -1262.3, "T", "SMD", "U11_12", "", "O", 23.7, 77.6, 0, 0],
		[171, "U11_13", 1830, -1262.3, "T", "SMD", "U11_13", "", "O", 23.7, 77.6, 0, 0],
		[172, "U11_14", 1780, -1262.3, "T", "SMD", "U11_14", "", "O", 23.7, 77.6, 0, 0],
		[173, "U11_15", 1730, -1262.3, "T", "SMD", "U11_15", "", "O", 23.7, 77.6, 0, 0],
		[174, "U11_16", 1680, -1262.3, "T", "SMD", "+3.3V", "", "O", 23.7, 77.6, 0, 0],
		[175, "U12_1", 1458.31, -655, "T", "SMD", "RXD", "", "R", 39.37, 49.21, 0, 0],
		[176, "U12_2", 1371.69, -655, "T", "SMD", "U12_2", "", "R", 39.37, 49.21, 0, 0],
		[177, "U13_1", 1453.31, -791.3, "T", "SMD", "TXD", "", "R", 39.37, 49.21, 0, 0],
		[178, "U13_2", 1366.69, -791.3, "T", "SMD", "U13_2", "", "R", 39.37, 49.21, 0, 0],
		[179, "U14_1", 1925, -1000, "T", "DIP", "TX_L", "", "R", 62.99, 62.99, 35.43, 90],
		[180, "U14_1", 1925, -1000, "B", "DIP", "TX_L", "", "R", 62.99, 62.99, 35.43, 90],
		[181, "U14_2", 1925, -900, "T", "DIP", "RX_L", "", "C", 62.99, 62.99, 35.43, 90],
		[182, "U14_2", 1925, -900, "B", "DIP", "RX_L", "", "C", 62.99, 62.99, 35.43, 90],
		[183, "U14_3", 1925, -800, "T", "DIP", "TX", "", "C", 62.99, 62.99, 35.43, 90],
		[184, "U14_3", 1925, -800, "B", "DIP", "TX", "", "C", 62.99, 62.99, 35.43, 90],
		[185, "U14_4", 1925, -700, "T", "DIP", "RX", "", "C", 62.99, 62.99, 35.43, 90],
		[186, "U14_4", 1925, -700, "B", "DIP", "RX", "", "C", 62.99, 62.99, 35.43, 90],
		[187, "U14_5", 1625, -700, "T", "DIP", "TXD", "", "C", 62.99, 62.99, 35.43, 90],
		[188, "U14_5", 1625, -700, "B", "DIP", "TXD", "", "C", 62.99, 62.99, 35.43, 90],
		[189, "U14_6", 1625, -800, "T", "DIP", "RXD", "", "C", 62.99, 62.99, 35.43, 90],
		[190, "U14_6", 1625, -800, "B", "DIP", "RXD", "", "C", 62.99, 62.99, 35.43, 90],
		[191, "U14_7", 1625, -900, "T", "DIP", "TXD", "", "C", 62.99, 62.99, 35.43, 90],
		[192, "U14_7", 1625, -900, "B", "DIP", "TXD", "", "C", 62.99, 62.99, 35.43, 90],
		[193, "U14_8", 1625, -1000, "T", "DIP", "RXD", "", "C", 62.99, 62.99, 35.43, 90],
		[194, "U14_8", 1625, -1000, "B", "DIP", "RXD", "", "C", 62.99, 62.99, 35.43, 90],
		[195, "U15_1", 3010, -1269.05, "T", "SMD", "U2_4", "", "R", 81.5, 81.1, 0, 90],
		[196, "U15_2", 3010, -1420.94, "T", "SMD", "+5V-USB-C", "", "R", 81.5, 81.1, 0, 90],
		[197, "USB1_1", 2444.92, -1700.51, "T", "DIP", "USB1_1", "", "O", 39.37, 78.74, 66.93, 0],
		[198, "USB1_1", 2444.92, -1700.51, "B", "DIP", "USB1_1", "", "O", 39.37, 78.74, 66.93, 0],
		[199, "USB1_2", 2785.08, -1700.51, "T", "DIP", "USB1_2", "", "O", 39.37, 78.74, 66.93, 0],
		[200, "USB1_2", 2785.08, -1700.51, "B", "DIP", "USB1_2", "", "O", 39.37, 78.74, 66.93, 0],
		[201, "USB1_3", 2444.92, -1865.08, "T", "DIP", "USB1_3", "", "O", 39.37, 70.87, 55.12, 0],
		[202, "USB1_3", 2444.92, -1865.08, "B", "DIP", "USB1_3", "", "O", 39.37, 70.87, 55.12, 0],
		[203, "USB1_4", 2785.08, -1865.08, "T", "DIP", "USB1_4", "", "O", 39.37, 70.87, 55.12, 0],
		[204, "USB1_4", 2785.08, -1865.08, "B", "DIP", "USB1_4", "", "O", 39.37, 70.87, 55.12, 0],
		[205, "USB1_A1", 2483.11, -1674.92, "T", "SMD", "GND", "GND", "R", 11.81, 51.18, 0, 0],
		[206, "USB1_A12", 2746.89, -1674.92, "T", "SMD", "GND", "GND", "R", 11.81, 51.18, 0, 0],
		[207, "USB1_A4", 2514.61, -1674.92, "T", "SMD", "+5V-USB-C", "", "R", 11.81, 51.18, 0, 0],
		[208, "USB1_A5", 2565.79, -1674.92, "T", "SMD", "USB1_A5", "", "R", 11.81, 51.18, 0, 0],
		[209, "USB1_A6", 2605.16, -1674.92, "T", "SMD", "D+", "", "R", 11.81, 51.18, 0, 0],
		[210, "USB1_A7", 2624.84, -1674.92, "T", "SMD", "D-", "", "R", 11.81, 51.18, 0, 0],
		[211, "USB1_A8", 2664.2, -1674.92, "T", "SMD", "USB1_A8", "", "R", 11.81, 51.18, 0, 0],
		[212, "USB1_A9", 2715.39, -1674.92, "T", "SMD", "+5V-USB-C", "", "R", 11.81, 51.18, 0, 180],
		[213, "USB1_B1", 2735.08, -1674.92, "T", "SMD", "GND", "GND", "R", 11.81, 51.18, 0, 0],
		[214, "USB1_B12", 2494.92, -1674.92, "T", "SMD", "GND", "GND", "R", 11.81, 51.18, 0, 0],
		[215, "USB1_B4", 2703.58, -1674.92, "T", "SMD", "+5V-USB-C", "", "R", 11.81, 51.18, 0, 180],
		[216, "USB1_B5", 2683.9, -1674.92, "T", "SMD", "USB1_B5", "", "R", 11.81, 51.18, 0, 0],
		[217, "USB1_B6", 2644.53, -1674.92, "T", "SMD", "D+", "", "R", 11.81, 51.18, 0, 0],
		[218, "USB1_B7", 2585.47, -1674.92, "T", "SMD", "D-", "", "R", 11.81, 51.18, 0, 0],
		[219, "USB1_B8", 2546.1, -1674.92, "T", "SMD", "USB1_B8", "", "R", 11.81, 51.18, 0, 0],
		[220, "USB1_B9", 2526.42, -1674.92, "T", "SMD", "+5V-USB-C", "", "R", 11.81, 51.18, 0, 0]
	]
}
}